projection,threshold,n_grid,redshift_bin,z_mid,N,bootstrap_mean,bootstrap_std
r-i vs g-r,5,200,0-0.5,0.25,7332,0.07226091107474086,0.0030020826513729045
r-i vs g-r,5,200,0.5-1.0,0.75,31255,0.030997024476083827,0.0009492881489295187
r-i vs g-r,5,200,1.0-1.5,1.25,32773,0.005277362463003082,0.0004013974965104444
r-i vs g-r,5,200,1.5-2.0,1.75,35690,0.035388119921546654,0.0009994802871555247
r-i vs g-r,5,200,2.0-2.5,2.25,39766,0.02180430518533421,0.0007306849346629813
r-i vs g-r,5,200,2.5-3.0,2.75,14631,0.005659285079625454,0.0005976598848757088
r-i vs g-r,5,200,3.0-4.0,3.5,1409,0.014895670688431511,0.0032336141009573186
r-i vs g-r,25,200,0-0.5,0.25,7332,0.36668794326241133,0.0057570600353851285
r-i vs g-r,25,200,0.5-1.0,0.75,31255,0.2542488241881299,0.00252593547632222
r-i vs g-r,25,200,1.0-1.5,1.25,32773,0.061499038842949987,0.0013595639372656766
r-i vs g-r,25,200,1.5-2.0,1.75,35690,0.3800315214345755,0.0025647861828087893
r-i vs g-r,25,200,2.0-2.5,2.25,39766,0.19216911431876477,0.0019675314389168736
r-i vs g-r,25,200,2.5-3.0,2.75,14631,0.05949894060556353,0.00202651416789181
r-i vs g-r,25,200,3.0-4.0,3.5,1409,0.06613555713271825,0.0065376883852459496
r-i vs g-r,75,200,0-0.5,0.25,7332,0.6141336606655755,0.005552211546702372
r-i vs g-r,75,200,0.5-1.0,0.75,31255,0.5393409374500079,0.0027029069212838068
r-i vs g-r,75,200,1.0-1.5,1.25,32773,0.22317395416959082,0.0022304171492961186
r-i vs g-r,75,200,1.5-2.0,1.75,35690,0.9097553656486411,0.0014878682405862912
r-i vs g-r,75,200,2.0-2.5,2.25,39766,0.47025748126540257,0.002471463213169476
r-i vs g-r,75,200,2.5-3.0,2.75,14631,0.21698981614380425,0.0034002836501771457
r-i vs g-r,75,200,3.0-4.0,3.5,1409,0.1549943222143364,0.009639120026265323
r-i vs g-r,250,200,0-0.5,0.25,7332,0.7162618657937807,0.005197732507172633
r-i vs g-r,250,200,0.5-1.0,0.75,31255,0.7061376419772837,0.0026141175240807454
r-i vs g-r,250,200,1.0-1.5,1.25,32773,0.39986678058157626,0.002658670694002376
r-i vs g-r,250,200,1.5-2.0,1.75,35690,0.9601717007565144,0.0010103133571818792
r-i vs g-r,250,200,2.0-2.5,2.25,39766,0.6414006186189207,0.0024162190080602246
r-i vs g-r,250,200,2.5-3.0,2.75,14631,0.4195982502904791,0.0038009176327733893
r-i vs g-r,250,200,3.0-4.0,3.5,1409,0.28042654364797726,0.01181751183077552
u-g vs g-r,5,200,0-0.5,0.25,7332,0.13396972176759414,0.003907165431368389
u-g vs g-r,5,200,0.5-1.0,0.75,31255,0.046974596064629656,0.0011868136400721688
u-g vs g-r,5,200,1.0-1.5,1.25,32773,0.13979638727000887,0.001871320232879097
u-g vs g-r,5,200,1.5-2.0,1.75,35690,0.041927878957691234,0.0011184118185197118
u-g vs g-r,5,200,2.0-2.5,2.25,39766,0.17564854398229643,0.0019312188781967434
u-g vs g-r,5,200,2.5-3.0,2.75,14631,0.2194875948328891,0.003443395668786367
u-g vs g-r,5,200,3.0-4.0,3.5,1409,0.47337686302342086,0.013330874138903697
u-g vs g-r,25,200,0-0.5,0.25,7332,0.6553861156573922,0.005533792521222449
u-g vs g-r,25,200,0.5-1.0,0.75,31255,0.46171409374500083,0.0027873935791973615
u-g vs g-r,25,200,1.0-1.5,1.25,32773,0.7311533884600128,0.002471037005236353
u-g vs g-r,25,200,1.5-2.0,1.75,35690,0.500531857663211,0.0026923996687775787
u-g vs g-r,25,200,2.0-2.5,2.25,39766,0.6034904692450836,0.0024500212490239526
u-g vs g-r,25,200,2.5-3.0,2.75,14631,0.5512330667760236,0.004109902009335307
u-g vs g-r,25,200,3.0-4.0,3.5,1409,0.6570205819730305,0.01273413071670187
u-g vs g-r,75,200,0-0.5,0.25,7332,0.9713113747954174,0.0019290456381537665
u-g vs g-r,75,200,0.5-1.0,0.75,31255,0.9583822108462647,0.0011662188563475498
u-g vs g-r,75,200,1.0-1.5,1.25,32773,0.9935526500472951,0.00043384800877983794
u-g vs g-r,75,200,1.5-2.0,1.75,35690,0.9897900812552537,0.0005242337076444679
u-g vs g-r,75,200,2.0-2.5,2.25,39766,0.9210035708897049,0.0013325191339792746
u-g vs g-r,75,200,2.5-3.0,2.75,14631,0.687360262456428,0.003912934912520817
u-g vs g-r,75,200,3.0-4.0,3.5,1409,0.7559559971611073,0.012105863884776717
u-g vs g-r,250,200,0-0.5,0.25,7332,0.9840901527550463,0.001489624510740807
u-g vs g-r,250,200,0.5-1.0,0.75,31255,0.9754790273556231,0.000826553538522604
u-g vs g-r,250,200,1.0-1.5,1.25,32773,0.9967115003203857,0.00032565856358516014
u-g vs g-r,250,200,1.5-2.0,1.75,35690,0.9949600168114318,0.0003839363163882371
u-g vs g-r,250,200,2.0-2.5,2.25,39766,0.9538420258512297,0.0010450610113644698
u-g vs g-r,250,200,2.5-3.0,2.75,14631,0.8194236210785318,0.0031116564906900567
u-g vs g-r,250,200,3.0-4.0,3.5,1409,0.8258367636621717,0.01017176209313545
r-i vs i-z,5,200,0-0.5,0.25,7332,0.07983496999454447,0.00303818736476757
r-i vs i-z,5,200,0.5-1.0,0.75,31255,0.009420636698128298,0.0005309743508213493
r-i vs i-z,5,200,1.0-1.5,1.25,32773,0.005096909040978854,0.00038578661096672176
r-i vs i-z,5,200,1.5-2.0,1.75,35690,0.0052093303446343504,0.00037651324494872957
r-i vs i-z,5,200,2.0-2.5,2.25,39766,0.003399763617160389,0.00027887903132293735
r-i vs i-z,5,200,2.5-3.0,2.75,14631,0.0030861185154808287,0.0004646751811429197
r-i vs i-z,5,200,3.0-4.0,3.5,1409,0.0036401703335699072,0.0015609387363731274
r-i vs i-z,25,200,0-0.5,0.25,7332,0.34518276050190944,0.005734278574867004
r-i vs i-z,25,200,0.5-1.0,0.75,31255,0.10619408094704846,0.0017355680013064795
r-i vs i-z,25,200,1.0-1.5,1.25,32773,0.030601470722851125,0.0009355983331202953
r-i vs i-z,25,200,1.5-2.0,1.75,35690,0.04314219669375176,0.0011087829813818365
r-i vs i-z,25,200,2.0-2.5,2.25,39766,0.07267711109993462,0.0012323411871588447
r-i vs i-z,25,200,2.5-3.0,2.75,14631,0.05444084478162805,0.001850733664816914
r-i vs i-z,25,200,3.0-4.0,3.5,1409,0.026948899929027683,0.00435748404058125
r-i vs i-z,75,200,0-0.5,0.25,7332,0.49346835788325155,0.005855044151583403
r-i vs i-z,75,200,0.5-1.0,0.75,31255,0.29951121420572707,0.0026204016368489955
r-i vs i-z,75,200,1.0-1.5,1.25,32773,0.11058108809080645,0.0017544491439905271
r-i vs i-z,75,200,1.5-2.0,1.75,35690,0.11750633230596806,0.0017140960882278745
r-i vs i-z,75,200,2.0-2.5,2.25,39766,0.23983588995624402,0.002141068253977669
r-i vs i-z,75,200,2.5-3.0,2.75,14631,0.18276474608707535,0.003287424690087554
r-i vs i-z,75,200,3.0-4.0,3.5,1409,0.07874095102909866,0.007355982621939393
r-i vs i-z,250,200,0-0.5,0.25,7332,0.6268636115657392,0.005844232820964799
r-i vs i-z,250,200,0.5-1.0,0.75,31255,0.5413163333866581,0.0028374506284777126
r-i vs i-z,250,200,1.0-1.5,1.25,32773,0.2919035181399323,0.0025007994025653306
r-i vs i-z,250,200,1.5-2.0,1.75,35690,0.259244606332306,0.002274943618198331
r-i vs i-z,250,200,2.0-2.5,2.25,39766,0.5252357793089574,0.002451515837583623
r-i vs i-z,250,200,2.5-3.0,2.75,14631,0.41088592714100197,0.004150552485980086
r-i vs i-z,250,200,3.0-4.0,3.5,1409,0.20754648687012064,0.010705464446133534
u-g vs r-i,5,200,0-0.5,0.25,7332,0.14568153300600106,0.004159794606415406
u-g vs r-i,5,200,0.5-1.0,0.75,31255,0.04908680211166214,0.001218738604934058
u-g vs r-i,5,200,1.0-1.5,1.25,32773,0.06435062398925945,0.0013772564281928931
u-g vs r-i,5,200,1.5-2.0,1.75,35690,0.10620212944802467,0.0015893938282869333
u-g vs r-i,5,200,2.0-2.5,2.25,39766,0.04109163607101544,0.0010327989863746908
u-g vs r-i,5,200,2.5-3.0,2.75,14631,0.04310409404688674,0.0016829026927776866
u-g vs r-i,5,200,3.0-4.0,3.5,1409,0.0689765791341377,0.006736718513899674
u-g vs r-i,25,200,0-0.5,0.25,7332,0.6944742225859247,0.005552787277574103
u-g vs r-i,25,200,0.5-1.0,0.75,31255,0.5734219484882418,0.00268241542229731
u-g vs r-i,25,200,1.0-1.5,1.25,32773,0.6135330912641503,0.002756739789122131
u-g vs r-i,25,200,1.5-2.0,1.75,35690,0.6853087699635753,0.0023607458028091664
u-g vs r-i,25,200,2.0-2.5,2.25,39766,0.43687024090931953,0.0024982576518120664
u-g vs r-i,25,200,2.5-3.0,2.75,14631,0.21911769530449046,0.00337449567555239
u-g vs r-i,25,200,3.0-4.0,3.5,1409,0.2597054648687012,0.011319000033173012
u-g vs r-i,75,200,0-0.5,0.25,7332,0.9830710583742498,0.0014868511112538254
u-g vs r-i,75,200,0.5-1.0,0.75,31255,0.9568896176611743,0.0011730498838683754
u-g vs r-i,75,200,1.0-1.5,1.25,32773,0.9868393799774204,0.0006417465835572583
u-g vs r-i,75,200,1.5-2.0,1.75,35690,0.997107032782292,0.00028148262516272893
u-g vs r-i,75,200,2.0-2.5,2.25,39766,0.8105631192475985,0.001956889750651288
u-g vs r-i,75,200,2.5-3.0,2.75,14631,0.4313876016676919,0.004219289063375119
u-g vs r-i,75,200,3.0-4.0,3.5,1409,0.40014194464158975,0.013151563269276249
u-g vs r-i,250,200,0-0.5,0.25,7332,0.9907190398254228,0.0011202727404839759
u-g vs r-i,250,200,0.5-1.0,0.75,31255,0.9767397856342984,0.0009030850251050799
u-g vs r-i,250,200,1.0-1.5,1.25,32773,0.992468739511183,0.00047919565901867185
u-g vs r-i,250,200,1.5-2.0,1.75,35690,0.9983601569066965,0.0002136321093506288
u-g vs r-i,250,200,2.0-2.5,2.25,39766,0.8842388975506714,0.0015889626873920831
u-g vs r-i,250,200,2.5-3.0,2.75,14631,0.5668206547741097,0.00410912533413091
u-g vs r-i,250,200,3.0-4.0,3.5,1409,0.5747154009936124,0.013019416007985696
