projection,threshold,n_grid,redshift_bin,z_mid,N,N_retained,retained_fraction
r-i vs g-r,5,50,0-0.5,0.25,7332,6,0.0008183306055646482
r-i vs g-r,5,50,0.5-1.0,0.75,31255,20,0.0006398976163813789
r-i vs g-r,5,50,1.0-1.5,1.25,32773,10,0.00030512922222561254
r-i vs g-r,5,50,1.5-2.0,1.75,35690,28,0.0007845334827682824
r-i vs g-r,5,50,2.0-2.5,2.25,39766,37,0.000930443092088719
r-i vs g-r,5,50,2.5-3.0,2.75,14631,6,0.0004100881689563256
r-i vs g-r,5,50,3.0-4.0,3.5,1409,3,0.0021291696238466998
r-i vs g-r,5,100,0-0.5,0.25,7332,19,0.002591380250954719
r-i vs g-r,5,100,0.5-1.0,0.75,31255,74,0.0023676211806111023
r-i vs g-r,5,100,1.0-1.5,1.25,32773,26,0.0007933359777865926
r-i vs g-r,5,100,1.5-2.0,1.75,35690,58,0.001625105071448585
r-i vs g-r,5,100,2.0-2.5,2.25,39766,94,0.0023638283961172862
r-i vs g-r,5,100,2.5-3.0,2.75,14631,20,0.001366960563187752
r-i vs g-r,5,100,3.0-4.0,3.5,1409,3,0.0021291696238466998
r-i vs g-r,5,150,0-0.5,0.25,7332,174,0.023731587561374796
r-i vs g-r,5,150,0.5-1.0,0.75,31255,366,0.011710126379779235
r-i vs g-r,5,150,1.0-1.5,1.25,32773,63,0.001922314100021359
r-i vs g-r,5,150,1.5-2.0,1.75,35690,371,0.010395068646679741
r-i vs g-r,5,150,2.0-2.5,2.25,39766,295,0.00741839762611276
r-i vs g-r,5,150,2.5-3.0,2.75,14631,48,0.003280705351650605
r-i vs g-r,5,150,3.0-4.0,3.5,1409,10,0.007097232079488999
r-i vs g-r,5,200,0-0.5,0.25,7332,531,0.07242225859247135
r-i vs g-r,5,200,0.5-1.0,0.75,31255,969,0.03100303951367781
r-i vs g-r,5,200,1.0-1.5,1.25,32773,173,0.005278735544503097
r-i vs g-r,5,200,1.5-2.0,1.75,35690,1262,0.03536004483048473
r-i vs g-r,5,200,2.0-2.5,2.25,39766,866,0.021777397776995423
r-i vs g-r,5,200,2.5-3.0,2.75,14631,83,0.005672886337229171
r-i vs g-r,5,200,3.0-4.0,3.5,1409,21,0.014904187366926898
r-i vs g-r,5,250,0-0.5,0.25,7332,962,0.13120567375886524
r-i vs g-r,5,250,0.5-1.0,0.75,31255,1983,0.06344584866421372
r-i vs g-r,5,250,1.0-1.5,1.25,32773,236,0.0072010496445244565
r-i vs g-r,5,250,1.5-2.0,1.75,35690,2902,0.08131129167834127
r-i vs g-r,5,250,2.0-2.5,2.25,39766,1590,0.039983905849217925
r-i vs g-r,5,250,2.5-3.0,2.75,14631,156,0.010662292392864465
r-i vs g-r,5,250,3.0-4.0,3.5,1409,29,0.0205819730305181
r-i vs g-r,25,50,0-0.5,0.25,7332,42,0.0057283142389525366
r-i vs g-r,25,50,0.5-1.0,0.75,31255,273,0.008734602463605823
r-i vs g-r,25,50,1.0-1.5,1.25,32773,40,0.0012205168889024502
r-i vs g-r,25,50,1.5-2.0,1.75,35690,128,0.0035864387783692913
r-i vs g-r,25,50,2.0-2.5,2.25,39766,210,0.005280893225368405
r-i vs g-r,25,50,2.5-3.0,2.75,14631,44,0.0030073132390130543
r-i vs g-r,25,50,3.0-4.0,3.5,1409,7,0.0049680624556423
r-i vs g-r,25,100,0-0.5,0.25,7332,777,0.10597381342062193
r-i vs g-r,25,100,0.5-1.0,0.75,31255,1323,0.04232922732362822
r-i vs g-r,25,100,1.0-1.5,1.25,32773,147,0.004485399566716505
r-i vs g-r,25,100,1.5-2.0,1.75,35690,1896,0.05312412440459512
r-i vs g-r,25,100,2.0-2.5,2.25,39766,1065,0.026781672785796913
r-i vs g-r,25,100,2.5-3.0,2.75,14631,86,0.005877930421707334
r-i vs g-r,25,100,3.0-4.0,3.5,1409,19,0.0134847409510291
r-i vs g-r,25,150,0-0.5,0.25,7332,1757,0.23963447899618112
r-i vs g-r,25,150,0.5-1.0,0.75,31255,4181,0.1337705967045273
r-i vs g-r,25,150,1.0-1.5,1.25,32773,794,0.024227260244713635
r-i vs g-r,25,150,1.5-2.0,1.75,35690,5994,0.16794620341832445
r-i vs g-r,25,150,2.0-2.5,2.25,39766,3360,0.08449429160589449
r-i vs g-r,25,150,2.5-3.0,2.75,14631,345,0.023580069714988723
r-i vs g-r,25,150,3.0-4.0,3.5,1409,59,0.04187366926898509
r-i vs g-r,25,200,0-0.5,0.25,7332,2690,0.3668848881614839
r-i vs g-r,25,200,0.5-1.0,0.75,31255,7945,0.2541993281075028
r-i vs g-r,25,200,1.0-1.5,1.25,32773,2015,0.061483538278460925
r-i vs g-r,25,200,1.5-2.0,1.75,35690,13560,0.3799383580834968
r-i vs g-r,25,200,2.0-2.5,2.25,39766,7644,0.19222451340340996
r-i vs g-r,25,200,2.5-3.0,2.75,14631,873,0.05966782858314538
r-i vs g-r,25,200,3.0-4.0,3.5,1409,93,0.0660042583392477
r-i vs g-r,25,250,0-0.5,0.25,7332,3650,0.4978177850518276
r-i vs g-r,25,250,0.5-1.0,0.75,31255,12099,0.38710606302991524
r-i vs g-r,25,250,1.0-1.5,1.25,32773,3666,0.11186037286790956
r-i vs g-r,25,250,1.5-2.0,1.75,35690,24481,0.6859344354160829
r-i vs g-r,25,250,2.0-2.5,2.25,39766,13019,0.3273902328622441
r-i vs g-r,25,250,2.5-3.0,2.75,14631,1679,0.11475633927961178
r-i vs g-r,25,250,3.0-4.0,3.5,1409,125,0.0887154009936125
r-i vs g-r,75,50,0-0.5,0.25,7332,340,0.0463720676486634
r-i vs g-r,75,50,0.5-1.0,0.75,31255,664,0.021244600863861783
r-i vs g-r,75,50,1.0-1.5,1.25,32773,122,0.0037225765111524732
r-i vs g-r,75,50,1.5-2.0,1.75,35690,595,0.016671336508826
r-i vs g-r,75,50,2.0-2.5,2.25,39766,446,0.011215611326258612
r-i vs g-r,75,50,2.5-3.0,2.75,14631,68,0.004647665914838357
r-i vs g-r,75,50,3.0-4.0,3.5,1409,16,0.0113555713271824
r-i vs g-r,75,100,0-0.5,0.25,7332,2029,0.27673213311511186
r-i vs g-r,75,100,0.5-1.0,0.75,31255,5077,0.16243800991841306
r-i vs g-r,75,100,1.0-1.5,1.25,32773,1011,0.030848564367009428
r-i vs g-r,75,100,1.5-2.0,1.75,35690,7814,0.21894087979826282
r-i vs g-r,75,100,2.0-2.5,2.25,39766,4632,0.11648141628526883
r-i vs g-r,75,100,2.5-3.0,2.75,14631,458,0.03130339689699952
r-i vs g-r,75,100,3.0-4.0,3.5,1409,57,0.04045422285308729
r-i vs g-r,75,150,0-0.5,0.25,7332,3936,0.5368248772504092
r-i vs g-r,75,150,0.5-1.0,0.75,31255,13726,0.4391617341225404
r-i vs g-r,75,150,1.0-1.5,1.25,32773,4179,0.12751350196808348
r-i vs g-r,75,150,1.5-2.0,1.75,35690,28497,0.7984589520874195
r-i vs g-r,75,150,2.0-2.5,2.25,39766,13988,0.35175778303072974
r-i vs g-r,75,150,2.5-3.0,2.75,14631,1929,0.13184334631945868
r-i vs g-r,75,150,3.0-4.0,3.5,1409,154,0.10929737402413059
r-i vs g-r,75,200,0-0.5,0.25,7332,4504,0.6142935079105292
r-i vs g-r,75,200,0.5-1.0,0.75,31255,16860,0.5394336906095025
r-i vs g-r,75,200,1.0-1.5,1.25,32773,7314,0.22317151313581302
r-i vs g-r,75,200,1.5-2.0,1.75,35690,32466,0.9096665732698235
r-i vs g-r,75,200,2.0-2.5,2.25,39766,18698,0.470200673942564
r-i vs g-r,75,200,2.5-3.0,2.75,14631,3175,0.21700498940605564
r-i vs g-r,75,200,3.0-4.0,3.5,1409,219,0.1554293825408091
r-i vs g-r,75,250,0-0.5,0.25,7332,4815,0.6567103109656302
r-i vs g-r,75,250,0.5-1.0,0.75,31255,19011,0.6082546792513198
r-i vs g-r,75,250,1.0-1.5,1.25,32773,9439,0.28801147285875567
r-i vs g-r,75,250,1.5-2.0,1.75,35690,33432,0.9367329784253292
r-i vs g-r,75,250,2.0-2.5,2.25,39766,21016,0.5284916763063924
r-i vs g-r,75,250,2.5-3.0,2.75,14631,4125,0.28193561615747387
r-i vs g-r,75,250,3.0-4.0,3.5,1409,291,0.20652945351312987
r-i vs g-r,250,50,0-0.5,0.25,7332,1611,0.21972176759410803
r-i vs g-r,250,50,0.5-1.0,0.75,31255,3213,0.10279955207166853
r-i vs g-r,250,50,1.0-1.5,1.25,32773,417,0.012723888566808042
r-i vs g-r,250,50,1.5-2.0,1.75,35690,6993,0.19593723732137855
r-i vs g-r,250,50,2.0-2.5,2.25,39766,2726,0.0685510234874013
r-i vs g-r,250,50,2.5-3.0,2.75,14631,153,0.010457248308386303
r-i vs g-r,250,50,3.0-4.0,3.5,1409,28,0.0198722498225692
r-i vs g-r,250,100,0-0.5,0.25,7332,4126,0.5627386797599564
r-i vs g-r,250,100,0.5-1.0,0.75,31255,14857,0.47534794432890737
r-i vs g-r,250,100,1.0-1.5,1.25,32773,5218,0.15921642815732462
r-i vs g-r,250,100,1.5-2.0,1.75,35690,30488,0.8542448865228355
r-i vs g-r,250,100,2.0-2.5,2.25,39766,15267,0.3839209374842831
r-i vs g-r,250,100,2.5-3.0,2.75,14631,2213,0.15125418631672477
r-i vs g-r,250,100,3.0-4.0,3.5,1409,159,0.11284599006387509
r-i vs g-r,250,150,0-0.5,0.25,7332,4857,0.6624386252045826
r-i vs g-r,250,150,0.5-1.0,0.75,31255,18779,0.6008318669012958
r-i vs g-r,250,150,1.0-1.5,1.25,32773,9862,0.3009184389588991
r-i vs g-r,250,150,1.5-2.0,1.75,35690,33431,0.9367049593723732
r-i vs g-r,250,150,2.0-2.5,2.25,39766,21107,0.5307800633707187
r-i vs g-r,250,150,2.5-3.0,2.75,14631,4085,0.2792016950310984
r-i vs g-r,250,150,3.0-4.0,3.5,1409,289,0.20511000709723207
r-i vs g-r,250,200,0-0.5,0.25,7332,5252,0.7163120567375887
r-i vs g-r,250,200,0.5-1.0,0.75,31255,22066,0.7059990401535754
r-i vs g-r,250,200,1.0-1.5,1.25,32773,13105,0.39987184572666523
r-i vs g-r,250,200,1.5-2.0,1.75,35690,34267,0.9601288876435976
r-i vs g-r,250,200,2.0-2.5,2.25,39766,25510,0.6415027913292762
r-i vs g-r,250,200,2.5-3.0,2.75,14631,6139,0.4195885448704805
r-i vs g-r,250,200,3.0-4.0,3.5,1409,395,0.2803406671398155
r-i vs g-r,250,250,0-0.5,0.25,7332,5542,0.7558647026732133
r-i vs g-r,250,250,0.5-1.0,0.75,31255,24340,0.7787553991361382
r-i vs g-r,250,250,1.0-1.5,1.25,32773,15616,0.4764897934275166
r-i vs g-r,250,250,1.5-2.0,1.75,35690,34521,0.9672457270944242
r-i vs g-r,250,250,2.0-2.5,2.25,39766,28550,0.7179500075441332
r-i vs g-r,250,250,2.5-3.0,2.75,14631,7787,0.5322260952771513
r-i vs g-r,250,250,3.0-4.0,3.5,1409,492,0.34918381831085876
u-g vs g-r,5,50,0-0.5,0.25,7332,22,0.003000545553737043
u-g vs g-r,5,50,0.5-1.0,0.75,31255,13,0.00041593345064789634
u-g vs g-r,5,50,1.0-1.5,1.25,32773,240,0.0073231013334147015
u-g vs g-r,5,50,1.5-2.0,1.75,35690,42,0.0011768002241524236
u-g vs g-r,5,50,2.0-2.5,2.25,39766,26,0.0006538248755218025
u-g vs g-r,5,50,2.5-3.0,2.75,14631,116,0.007928371266488961
u-g vs g-r,5,50,3.0-4.0,3.5,1409,183,0.12987934705464868
u-g vs g-r,5,100,0-0.5,0.25,7332,140,0.019094380796508457
u-g vs g-r,5,100,0.5-1.0,0.75,31255,304,0.009726443768996961
u-g vs g-r,5,100,1.0-1.5,1.25,32773,956,0.02917035364476856
u-g vs g-r,5,100,1.5-2.0,1.75,35690,216,0.006052115438498179
u-g vs g-r,5,100,2.0-2.5,2.25,39766,2140,0.05381481667756375
u-g vs g-r,5,100,2.5-3.0,2.75,14631,903,0.061718269427927006
u-g vs g-r,5,100,3.0-4.0,3.5,1409,446,0.31653655074520937
u-g vs g-r,5,150,0-0.5,0.25,7332,456,0.062193126022913256
u-g vs g-r,5,150,0.5-1.0,0.75,31255,693,0.02217245240761478
u-g vs g-r,5,150,1.0-1.5,1.25,32773,2220,0.06773868733408599
u-g vs g-r,5,150,1.5-2.0,1.75,35690,645,0.018072289156626505
u-g vs g-r,5,150,2.0-2.5,2.25,39766,4156,0.10451139164110043
u-g vs g-r,5,150,2.5-3.0,2.75,14631,2078,0.14202720251520742
u-g vs g-r,5,150,3.0-4.0,3.5,1409,569,0.4038325053229241
u-g vs g-r,5,200,0-0.5,0.25,7332,982,0.13393344244408073
u-g vs g-r,5,200,0.5-1.0,0.75,31255,1467,0.04693649016157415
u-g vs g-r,5,200,1.0-1.5,1.25,32773,4582,0.13981020962377566
u-g vs g-r,5,200,1.5-2.0,1.75,35690,1496,0.04191650322219109
u-g vs g-r,5,200,2.0-2.5,2.25,39766,6986,0.17567771463058895
u-g vs g-r,5,200,2.5-3.0,2.75,14631,3211,0.2194655184197936
u-g vs g-r,5,200,3.0-4.0,3.5,1409,668,0.4740951029098652
u-g vs g-r,5,250,0-0.5,0.25,7332,1558,0.21249318057828695
u-g vs g-r,5,250,0.5-1.0,0.75,31255,2504,0.08011518157094864
u-g vs g-r,5,250,1.0-1.5,1.25,32773,8030,0.2450187654471669
u-g vs g-r,5,250,1.5-2.0,1.75,35690,3082,0.08635472121042309
u-g vs g-r,5,250,2.0-2.5,2.25,39766,9837,0.2473721269426143
u-g vs g-r,5,250,2.5-3.0,2.75,14631,4470,0.3055156858724626
u-g vs g-r,5,250,3.0-4.0,3.5,1409,724,0.5138396025550035
u-g vs g-r,25,50,0-0.5,0.25,7332,241,0.0328696126568467
u-g vs g-r,25,50,0.5-1.0,0.75,31255,334,0.010686290193569028
u-g vs g-r,25,50,1.0-1.5,1.25,32773,1320,0.040277057333780855
u-g vs g-r,25,50,1.5-2.0,1.75,35690,226,0.006332305968058279
u-g vs g-r,25,50,2.0-2.5,2.25,39766,2252,0.0566312930644269
u-g vs g-r,25,50,2.5-3.0,2.75,14631,1186,0.08106076139703369
u-g vs g-r,25,50,3.0-4.0,3.5,1409,501,0.35557132718239887
u-g vs g-r,25,100,0-0.5,0.25,7332,1345,0.18344244408074195
u-g vs g-r,25,100,0.5-1.0,0.75,31255,1900,0.060790273556231005
u-g vs g-r,25,100,1.0-1.5,1.25,32773,6512,0.19870014951331888
u-g vs g-r,25,100,1.5-2.0,1.75,35690,2275,0.06374334547492294
u-g vs g-r,25,100,2.0-2.5,2.25,39766,8589,0.21598853291756778
u-g vs g-r,25,100,2.5-3.0,2.75,14631,3808,0.260269291230948
u-g vs g-r,25,100,3.0-4.0,3.5,1409,723,0.5131298793470547
u-g vs g-r,25,150,0-0.5,0.25,7332,2842,0.38761593016912166
u-g vs g-r,25,150,0.5-1.0,0.75,31255,5738,0.18358662613981763
u-g vs g-r,25,150,1.0-1.5,1.25,32773,13814,0.4215055075824612
u-g vs g-r,25,150,1.5-2.0,1.75,35690,7943,0.22255533762958812
u-g vs g-r,25,150,2.0-2.5,2.25,39766,15663,0.39387919328069204
u-g vs g-r,25,150,2.5-3.0,2.75,14631,6361,0.4347618071218645
u-g vs g-r,25,150,3.0-4.0,3.5,1409,836,0.5933286018452804
u-g vs g-r,25,200,0-0.5,0.25,7332,4805,0.6553464266230223
u-g vs g-r,25,200,0.5-1.0,0.75,31255,14431,0.461718125099984
u-g vs g-r,25,200,1.0-1.5,1.25,32773,23964,0.7312116681414579
u-g vs g-r,25,200,1.5-2.0,1.75,35690,17858,0.5003642476884281
u-g vs g-r,25,200,2.0-2.5,2.25,39766,23993,0.6033546245536388
u-g vs g-r,25,200,2.5-3.0,2.75,14631,8070,0.5515685872462579
u-g vs g-r,25,200,3.0-4.0,3.5,1409,926,0.6572036905606813
u-g vs g-r,25,250,0-0.5,0.25,7332,6514,0.8884342607746863
u-g vs g-r,25,250,0.5-1.0,0.75,31255,25384,0.8121580547112462
u-g vs g-r,25,250,1.0-1.5,1.25,32773,31353,0.9566716504439631
u-g vs g-r,25,250,1.5-2.0,1.75,35690,30676,0.8595124684785654
u-g vs g-r,25,250,2.0-2.5,2.25,39766,32927,0.8280189106271689
u-g vs g-r,25,250,2.5-3.0,2.75,14631,9048,0.618412958786139
u-g vs g-r,25,250,3.0-4.0,3.5,1409,998,0.7083037615330021
u-g vs g-r,75,50,0-0.5,0.25,7332,840,0.11456628477905073
u-g vs g-r,75,50,0.5-1.0,0.75,31255,1368,0.04376899696048632
u-g vs g-r,75,50,1.0-1.5,1.25,32773,4265,0.13013761327922374
u-g vs g-r,75,50,1.5-2.0,1.75,35690,1704,0.047744466237041185
u-g vs g-r,75,50,2.0-2.5,2.25,39766,6519,0.1639340139817935
u-g vs g-r,75,50,2.5-3.0,2.75,14631,2317,0.15836238124530108
u-g vs g-r,75,50,3.0-4.0,3.5,1409,627,0.44499645138396027
u-g vs g-r,75,100,0-0.5,0.25,7332,3861,0.526595744680851
u-g vs g-r,75,100,0.5-1.0,0.75,31255,9504,0.3040793473044313
u-g vs g-r,75,100,1.0-1.5,1.25,32773,18925,0.5774570530619717
u-g vs g-r,75,100,1.5-2.0,1.75,35690,12578,0.3524236480806949
u-g vs g-r,75,100,2.0-2.5,2.25,39766,19860,0.4994216164562692
u-g vs g-r,75,100,2.5-3.0,2.75,14631,7267,0.49668512063426973
u-g vs g-r,75,100,3.0-4.0,3.5,1409,876,0.6217175301632364
u-g vs g-r,75,150,0-0.5,0.25,7332,6925,0.9444899072558647
u-g vs g-r,75,150,0.5-1.0,0.75,31255,28693,0.9180291153415453
u-g vs g-r,75,150,1.0-1.5,1.25,32773,32342,0.9868489305220761
u-g vs g-r,75,150,1.5-2.0,1.75,35690,34248,0.9595965256374335
u-g vs g-r,75,150,2.0-2.5,2.25,39766,35262,0.8867374138711462
u-g vs g-r,75,150,2.5-3.0,2.75,14631,9170,0.6267514182215843
u-g vs g-r,75,150,3.0-4.0,3.5,1409,1004,0.7125621007806955
u-g vs g-r,75,200,0-0.5,0.25,7332,7122,0.9713584288052373
u-g vs g-r,75,200,0.5-1.0,0.75,31255,29957,0.9584706446968485
u-g vs g-r,75,200,1.0-1.5,1.25,32773,32562,0.9935617734110396
u-g vs g-r,75,200,1.5-2.0,1.75,35690,35326,0.9898010647240123
u-g vs g-r,75,200,2.0-2.5,2.25,39766,36624,0.9209877785042498
u-g vs g-r,75,200,2.5-3.0,2.75,14631,10055,0.6872394231426423
u-g vs g-r,75,200,3.0-4.0,3.5,1409,1066,0.7565649396735273
u-g vs g-r,75,250,0-0.5,0.25,7332,7162,0.9768139661756683
u-g vs g-r,75,250,0.5-1.0,0.75,31255,30155,0.9648056310990242
u-g vs g-r,75,250,1.0-1.5,1.25,32773,32612,0.9950874195221676
u-g vs g-r,75,250,1.5-2.0,1.75,35690,35400,0.991874474642757
u-g vs g-r,75,250,2.0-2.5,2.25,39766,37075,0.9323291253834934
u-g vs g-r,75,250,2.5-3.0,2.75,14631,10623,0.7260611031371745
u-g vs g-r,75,250,3.0-4.0,3.5,1409,1092,0.7750177430801988
u-g vs g-r,250,50,0-0.5,0.25,7332,3489,0.4758592471358429
u-g vs g-r,250,50,0.5-1.0,0.75,31255,6783,0.2170212765957447
u-g vs g-r,250,50,1.0-1.5,1.25,32773,16811,0.5129527354834773
u-g vs g-r,250,50,1.5-2.0,1.75,35690,11416,0.31986550854581114
u-g vs g-r,250,50,2.0-2.5,2.25,39766,16331,0.410677463159483
u-g vs g-r,250,50,2.5-3.0,2.75,14631,6289,0.42984074909438863
u-g vs g-r,250,50,3.0-4.0,3.5,1409,786,0.5578424414478353
u-g vs g-r,250,100,0-0.5,0.25,7332,7111,0.9698581560283688
u-g vs g-r,250,100,0.5-1.0,0.75,31255,29964,0.958694608862582
u-g vs g-r,250,100,1.0-1.5,1.25,32773,32548,0.9931345924999238
u-g vs g-r,250,100,1.5-2.0,1.75,35690,35314,0.9894648360885402
u-g vs g-r,250,100,2.0-2.5,2.25,39766,36618,0.9208368958406679
u-g vs g-r,250,100,2.5-3.0,2.75,14631,9845,0.6728863372291709
u-g vs g-r,250,100,3.0-4.0,3.5,1409,1038,0.7366926898509581
u-g vs g-r,250,150,0-0.5,0.25,7332,7173,0.9783142389525368
u-g vs g-r,250,150,0.5-1.0,0.75,31255,30235,0.9673652215645496
u-g vs g-r,250,150,1.0-1.5,1.25,32773,32627,0.9955451133555061
u-g vs g-r,250,150,1.5-2.0,1.75,35690,35422,0.9924908938077893
u-g vs g-r,250,150,2.0-2.5,2.25,39766,37331,0.9387667856963235
u-g vs g-r,250,150,2.5-3.0,2.75,14631,11028,0.7537420545417265
u-g vs g-r,250,150,3.0-4.0,3.5,1409,1121,0.7955997161107168
u-g vs g-r,250,200,0-0.5,0.25,7332,7215,0.9840425531914894
u-g vs g-r,250,200,0.5-1.0,0.75,31255,30489,0.9754919212925932
u-g vs g-r,250,200,1.0-1.5,1.25,32773,32665,0.9967046043999633
u-g vs g-r,250,200,1.5-2.0,1.75,35690,35511,0.9949845895208742
u-g vs g-r,250,200,2.0-2.5,2.25,39766,37930,0.953829904943922
u-g vs g-r,250,200,2.5-3.0,2.75,14631,11990,0.8194928576310574
u-g vs g-r,250,200,3.0-4.0,3.5,1409,1164,0.8261178140525195
u-g vs g-r,250,250,0-0.5,0.25,7332,7230,0.986088379705401
u-g vs g-r,250,250,0.5-1.0,0.75,31255,30616,0.9795552711566149
u-g vs g-r,250,250,1.0-1.5,1.25,32773,32698,0.9977115308333079
u-g vs g-r,250,250,1.5-2.0,1.75,35690,35554,0.9961894087979827
u-g vs g-r,250,250,2.0-2.5,2.25,39766,38256,0.9620278629985415
u-g vs g-r,250,250,2.5-3.0,2.75,14631,12499,0.8542820039641856
u-g vs g-r,250,250,3.0-4.0,3.5,1409,1189,0.843860894251242
r-i vs i-z,5,50,0-0.5,0.25,7332,11,0.0015002727768685215
r-i vs i-z,5,50,0.5-1.0,0.75,31255,7,0.00022396416573348266
r-i vs i-z,5,50,1.0-1.5,1.25,32773,11,0.0003356421444481738
r-i vs i-z,5,50,1.5-2.0,1.75,35690,7,0.0001961333706920706
r-i vs i-z,5,50,2.0-2.5,2.25,39766,5,0.00012573555298496202
r-i vs i-z,5,50,2.5-3.0,2.75,14631,2,0.0001366960563187752
r-i vs i-z,5,50,3.0-4.0,3.5,1409,1,0.0007097232079489
r-i vs i-z,5,100,0-0.5,0.25,7332,63,0.008592471358428805
r-i vs i-z,5,100,0.5-1.0,0.75,31255,85,0.002719564869620861
r-i vs i-z,5,100,1.0-1.5,1.25,32773,66,0.002013852866689043
r-i vs i-z,5,100,1.5-2.0,1.75,35690,17,0.0004763239002521715
r-i vs i-z,5,100,2.0-2.5,2.25,39766,13,0.00032691243776090126
r-i vs i-z,5,100,2.5-3.0,2.75,14631,14,0.0009568723942314265
r-i vs i-z,5,100,3.0-4.0,3.5,1409,4,0.0028388928317956
r-i vs i-z,5,150,0-0.5,0.25,7332,267,0.03641571194762684
r-i vs i-z,5,150,0.5-1.0,0.75,31255,122,0.003903375459926412
r-i vs i-z,5,150,1.0-1.5,1.25,32773,106,0.003234369755591493
r-i vs i-z,5,150,1.5-2.0,1.75,35690,102,0.002857943401513029
r-i vs i-z,5,150,2.0-2.5,2.25,39766,45,0.0011316199768646583
r-i vs i-z,5,150,2.5-3.0,2.75,14631,19,0.0012986125350283645
r-i vs i-z,5,150,3.0-4.0,3.5,1409,3,0.0021291696238466998
r-i vs i-z,5,200,0-0.5,0.25,7332,586,0.07992362247681396
r-i vs i-z,5,200,0.5-1.0,0.75,31255,294,0.009406494960806271
r-i vs i-z,5,200,1.0-1.5,1.25,32773,166,0.005065145088945168
r-i vs i-z,5,200,1.5-2.0,1.75,35690,185,0.005183524796861866
r-i vs i-z,5,200,2.0-2.5,2.25,39766,135,0.0033948599305939748
r-i vs i-z,5,200,2.5-3.0,2.75,14631,45,0.003075661267172442
r-i vs i-z,5,200,3.0-4.0,3.5,1409,5,0.0035486160397444995
r-i vs i-z,5,250,0-0.5,0.25,7332,953,0.12997817785051827
r-i vs i-z,5,250,0.5-1.0,0.75,31255,564,0.01804511278195489
r-i vs i-z,5,250,1.0-1.5,1.25,32773,300,0.009153876666768377
r-i vs i-z,5,250,1.5-2.0,1.75,35690,341,0.009554497057999439
r-i vs i-z,5,250,2.0-2.5,2.25,39766,316,0.0079464869486496
r-i vs i-z,5,250,2.5-3.0,2.75,14631,99,0.006766454787779373
r-i vs i-z,5,250,3.0-4.0,3.5,1409,8,0.0056777856635912
r-i vs i-z,25,50,0-0.5,0.25,7332,122,0.016639388979814512
r-i vs i-z,25,50,0.5-1.0,0.75,31255,36,0.0011518157094864822
r-i vs i-z,25,50,1.0-1.5,1.25,32773,58,0.0017697494889085527
r-i vs i-z,25,50,1.5-2.0,1.75,35690,43,0.0012048192771084338
r-i vs i-z,25,50,2.0-2.5,2.25,39766,15,0.0003772066589548861
r-i vs i-z,25,50,2.5-3.0,2.75,14631,5,0.000341740140796938
r-i vs i-z,25,50,3.0-4.0,3.5,1409,2,0.0014194464158978
r-i vs i-z,25,100,0-0.5,0.25,7332,766,0.10447354064375342
r-i vs i-z,25,100,0.5-1.0,0.75,31255,430,0.013757798752199648
r-i vs i-z,25,100,1.0-1.5,1.25,32773,234,0.007140023800079333
r-i vs i-z,25,100,1.5-2.0,1.75,35690,249,0.0069767441860465115
r-i vs i-z,25,100,2.0-2.5,2.25,39766,167,0.004199567469697732
r-i vs i-z,25,100,2.5-3.0,2.75,14631,65,0.004442621830360194
r-i vs i-z,25,100,3.0-4.0,3.5,1409,7,0.0049680624556423
r-i vs i-z,25,150,0-0.5,0.25,7332,1733,0.23636115657392254
r-i vs i-z,25,150,0.5-1.0,0.75,31255,1493,0.04776835706286994
r-i vs i-z,25,150,1.0-1.5,1.25,32773,548,0.01672108137796357
r-i vs i-z,25,150,1.5-2.0,1.75,35690,838,0.023479966377136452
r-i vs i-z,25,150,2.0-2.5,2.25,39766,1073,0.02698284967057285
r-i vs i-z,25,150,2.5-3.0,2.75,14631,329,0.022486501264438522
r-i vs i-z,25,150,3.0-4.0,3.5,1409,20,0.014194464158977998
r-i vs i-z,25,200,0-0.5,0.25,7332,2533,0.3454719039825423
r-i vs i-z,25,200,0.5-1.0,0.75,31255,3317,0.1061270196768517
r-i vs i-z,25,200,1.0-1.5,1.25,32773,1003,0.03060446098922894
r-i vs i-z,25,200,1.5-2.0,1.75,35690,1541,0.043177360605211546
r-i vs i-z,25,200,2.0-2.5,2.25,39766,2888,0.07262485540411406
r-i vs i-z,25,200,2.5-3.0,2.75,14631,797,0.05447337844303192
r-i vs i-z,25,200,3.0-4.0,3.5,1409,38,0.0269694819020582
r-i vs i-z,25,250,0-0.5,0.25,7332,2989,0.40766503000545556
r-i vs i-z,25,250,0.5-1.0,0.75,31255,5829,0.1864981602943529
r-i vs i-z,25,250,1.0-1.5,1.25,32773,1817,0.0554419796783938
r-i vs i-z,25,250,1.5-2.0,1.75,35690,2553,0.07153264219669375
r-i vs i-z,25,250,2.0-2.5,2.25,39766,5461,0.13732837097017553
r-i vs i-z,25,250,2.5-3.0,2.75,14631,1474,0.10074499350693733
r-i vs i-z,25,250,3.0-4.0,3.5,1409,76,0.0539389638041164
r-i vs i-z,75,50,0-0.5,0.25,7332,737,0.10051827605019094
r-i vs i-z,75,50,0.5-1.0,0.75,31255,397,0.012701967685170373
r-i vs i-z,75,50,1.0-1.5,1.25,32773,148,0.004515912488939066
r-i vs i-z,75,50,1.5-2.0,1.75,35690,152,0.004258896049313533
r-i vs i-z,75,50,2.0-2.5,2.25,39766,168,0.004224714580294724
r-i vs i-z,75,50,2.5-3.0,2.75,14631,56,0.003827489576925706
r-i vs i-z,75,50,3.0-4.0,3.5,1409,6,0.0042583392476933995
r-i vs i-z,75,100,0-0.5,0.25,7332,2191,0.2988270594653573
r-i vs i-z,75,100,0.5-1.0,0.75,31255,2879,0.0921132618780995
r-i vs i-z,75,100,1.0-1.5,1.25,32773,713,0.021755713544686174
r-i vs i-z,75,100,1.5-2.0,1.75,35690,1051,0.029448024656766603
r-i vs i-z,75,100,2.0-2.5,2.25,39766,2204,0.05542423175577126
r-i vs i-z,75,100,2.5-3.0,2.75,14631,642,0.04387943407832684
r-i vs i-z,75,100,3.0-4.0,3.5,1409,32,0.0227111426543648
r-i vs i-z,75,150,0-0.5,0.25,7332,3032,0.4135297326786688
r-i vs i-z,75,150,0.5-1.0,0.75,31255,6373,0.2039033754599264
r-i vs i-z,75,150,1.0-1.5,1.25,32773,2048,0.06249046471180545
r-i vs i-z,75,150,1.5-2.0,1.75,35690,2840,0.07957411039506865
r-i vs i-z,75,150,2.0-2.5,2.25,39766,5332,0.1340843937031635
r-i vs i-z,75,150,2.5-3.0,2.75,14631,1546,0.10566605153441323
r-i vs i-z,75,150,3.0-4.0,3.5,1409,84,0.05961674946770759
r-i vs i-z,75,200,0-0.5,0.25,7332,3619,0.4935897435897436
r-i vs i-z,75,200,0.5-1.0,0.75,31255,9357,0.29937609982402813
r-i vs i-z,75,200,1.0-1.5,1.25,32773,3622,0.11051780429011686
r-i vs i-z,75,200,1.5-2.0,1.75,35690,4192,0.11745586999159428
r-i vs i-z,75,200,2.0-2.5,2.25,39766,9542,0.23995372931650152
r-i vs i-z,75,200,2.5-3.0,2.75,14631,2673,0.18269427927004306
r-i vs i-z,75,200,3.0-4.0,3.5,1409,111,0.07877927608232789
r-i vs i-z,75,250,0-0.5,0.25,7332,4015,0.5475995635570103
r-i vs i-z,75,250,0.5-1.0,0.75,31255,12095,0.3869780835066389
r-i vs i-z,75,250,1.0-1.5,1.25,32773,5377,0.16406798279071186
r-i vs i-z,75,250,1.5-2.0,1.75,35690,5793,0.16231437377416644
r-i vs i-z,75,250,2.0-2.5,2.25,39766,12897,0.32432228536941105
r-i vs i-z,75,250,2.5-3.0,2.75,14631,3636,0.24851343038753332
r-i vs i-z,75,250,3.0-4.0,3.5,1409,157,0.11142654364797729
r-i vs i-z,250,50,0-0.5,0.25,7332,2348,0.320240043644299
r-i vs i-z,250,50,0.5-1.0,0.75,31255,1907,0.06101423772196449
r-i vs i-z,250,50,1.0-1.5,1.25,32773,858,0.026180087266957558
r-i vs i-z,250,50,1.5-2.0,1.75,35690,1157,0.03241804427010367
r-i vs i-z,250,50,2.0-2.5,2.25,39766,2258,0.05678217572800885
r-i vs i-z,250,50,2.5-3.0,2.75,14631,525,0.03588271478367849
r-i vs i-z,250,50,3.0-4.0,3.5,1409,15,0.0106458481192335
r-i vs i-z,250,100,0-0.5,0.25,7332,3362,0.4585379159847245
r-i vs i-z,250,100,0.5-1.0,0.75,31255,8466,0.27086866101423773
r-i vs i-z,250,100,1.0-1.5,1.25,32773,2637,0.08046257590089403
r-i vs i-z,250,100,1.5-2.0,1.75,35690,3662,0.10260577192490894
r-i vs i-z,250,100,2.0-2.5,2.25,39766,8036,0.20208218075743098
r-i vs i-z,250,100,2.5-3.0,2.75,14631,2420,0.165402228145718
r-i vs i-z,250,100,3.0-4.0,3.5,1409,101,0.0716820440028389
r-i vs i-z,250,150,0-0.5,0.25,7332,4181,0.5702400436442989
r-i vs i-z,250,150,0.5-1.0,0.75,31255,13921,0.4454007358822588
r-i vs i-z,250,150,1.0-1.5,1.25,32773,6129,0.18701370030207792
r-i vs i-z,250,150,1.5-2.0,1.75,35690,6858,0.19215466517231716
r-i vs i-z,250,150,2.0-2.5,2.25,39766,15832,0.39812905497158374
r-i vs i-z,250,150,2.5-3.0,2.75,14631,4544,0.31057343995625725
r-i vs i-z,250,150,3.0-4.0,3.5,1409,202,0.1433640880056778
r-i vs i-z,250,200,0-0.5,0.25,7332,4598,0.627114020731042
r-i vs i-z,250,200,0.5-1.0,0.75,31255,16916,0.5412254039353703
r-i vs i-z,250,200,1.0-1.5,1.25,32773,9565,0.2918561010587984
r-i vs i-z,250,200,1.5-2.0,1.75,35690,9250,0.2591762398430933
r-i vs i-z,250,200,2.0-2.5,2.25,39766,20886,0.5252225519287834
r-i vs i-z,250,200,2.5-3.0,2.75,14631,6010,0.4107716492379195
r-i vs i-z,250,200,3.0-4.0,3.5,1409,293,0.20794889992902768
r-i vs i-z,250,250,0-0.5,0.25,7332,4874,0.6647572285870158
r-i vs i-z,250,250,0.5-1.0,0.75,31255,18528,0.5928011518157095
r-i vs i-z,250,250,1.0-1.5,1.25,32773,11996,0.3660330149818448
r-i vs i-z,250,250,1.5-2.0,1.75,35690,11011,0.30851779209862706
r-i vs i-z,250,250,2.0-2.5,2.25,39766,23843,0.5995825579640899
r-i vs i-z,250,250,2.5-3.0,2.75,14631,6950,0.47501879570774386
r-i vs i-z,250,250,3.0-4.0,3.5,1409,348,0.24698367636621718
u-g vs r-i,5,50,0-0.5,0.25,7332,15,0.0020458265139116204
u-g vs r-i,5,50,0.5-1.0,0.75,31255,10,0.00031994880819068947
u-g vs r-i,5,50,1.0-1.5,1.25,32773,94,0.002868214688920758
u-g vs r-i,5,50,1.5-2.0,1.75,35690,37,0.0010367049593723733
u-g vs r-i,5,50,2.0-2.5,2.25,39766,18,0.0004526479907458633
u-g vs r-i,5,50,2.5-3.0,2.75,14631,3,0.0002050440844781628
u-g vs r-i,5,50,3.0-4.0,3.5,1409,1,0.0007097232079489
u-g vs r-i,5,100,0-0.5,0.25,7332,131,0.017866884888161485
u-g vs r-i,5,100,0.5-1.0,0.75,31255,72,0.0023036314189729644
u-g vs r-i,5,100,1.0-1.5,1.25,32773,275,0.008391053611204345
u-g vs r-i,5,100,1.5-2.0,1.75,35690,469,0.01314093583636873
u-g vs r-i,5,100,2.0-2.5,2.25,39766,101,0.002539858170296233
u-g vs r-i,5,100,2.5-3.0,2.75,14631,11,0.0007518283097532636
u-g vs r-i,5,100,3.0-4.0,3.5,1409,7,0.0049680624556423
u-g vs r-i,5,150,0-0.5,0.25,7332,576,0.07855973813420622
u-g vs r-i,5,150,0.5-1.0,0.75,31255,651,0.020828667413213885
u-g vs r-i,5,150,1.0-1.5,1.25,32773,990,0.03020779300033564
u-g vs r-i,5,150,1.5-2.0,1.75,35690,1883,0.05275987671616699
u-g vs r-i,5,150,2.0-2.5,2.25,39766,601,0.015113413468792436
u-g vs r-i,5,150,2.5-3.0,2.75,14631,282,0.019274143940947303
u-g vs r-i,5,150,3.0-4.0,3.5,1409,61,0.043293115684882894
u-g vs r-i,5,200,0-0.5,0.25,7332,1067,0.14552645935624658
u-g vs r-i,5,200,0.5-1.0,0.75,31255,1534,0.04908014717645177
u-g vs r-i,5,200,1.0-1.5,1.25,32773,2109,0.06435175296738169
u-g vs r-i,5,200,1.5-2.0,1.75,35690,3792,0.10624824880919025
u-g vs r-i,5,200,2.0-2.5,2.25,39766,1634,0.04109037871548559
u-g vs r-i,5,200,2.5-3.0,2.75,14631,632,0.04319595379673297
u-g vs r-i,5,200,3.0-4.0,3.5,1409,97,0.0688431511710433
u-g vs r-i,5,250,0-0.5,0.25,7332,1491,0.20335515548281505
u-g vs r-i,5,250,0.5-1.0,0.75,31255,2392,0.07653175491921292
u-g vs r-i,5,250,1.0-1.5,1.25,32773,2871,0.08760259970097337
u-g vs r-i,5,250,1.5-2.0,1.75,35690,5820,0.1630708882039787
u-g vs r-i,5,250,2.0-2.5,2.25,39766,2730,0.06865161192978926
u-g vs r-i,5,250,2.5-3.0,2.75,14631,1081,0.073884218440298
u-g vs r-i,5,250,3.0-4.0,3.5,1409,163,0.1156848828956707
u-g vs r-i,25,50,0-0.5,0.25,7332,194,0.02645935624659029
u-g vs r-i,25,50,0.5-1.0,0.75,31255,109,0.0034874420092785153
u-g vs r-i,25,50,1.0-1.5,1.25,32773,400,0.012205168889024502
u-g vs r-i,25,50,1.5-2.0,1.75,35690,511,0.014317736060521155
u-g vs r-i,25,50,2.0-2.5,2.25,39766,126,0.003168535935221043
u-g vs r-i,25,50,2.5-3.0,2.75,14631,10,0.000683480281593876
u-g vs r-i,25,50,3.0-4.0,3.5,1409,11,0.007806955287437899
u-g vs r-i,25,100,0-0.5,0.25,7332,1368,0.18657937806873978
u-g vs r-i,25,100,0.5-1.0,0.75,31255,1910,0.06111022236442169
u-g vs r-i,25,100,1.0-1.5,1.25,32773,2619,0.07991334330088792
u-g vs r-i,25,100,1.5-2.0,1.75,35690,5012,0.14043149341552255
u-g vs r-i,25,100,2.0-2.5,2.25,39766,2237,0.05625408640547201
u-g vs r-i,25,100,2.5-3.0,2.75,14631,887,0.0606247009773768
u-g vs r-i,25,100,3.0-4.0,3.5,1409,138,0.09794180269694819
u-g vs r-i,25,150,0-0.5,0.25,7332,2821,0.38475177304964536
u-g vs r-i,25,150,0.5-1.0,0.75,31255,6117,0.19571268597024477
u-g vs r-i,25,150,1.0-1.5,1.25,32773,8070,0.24623928233606932
u-g vs r-i,25,150,1.5-2.0,1.75,35690,12510,0.3505183524796862
u-g vs r-i,25,150,2.0-2.5,2.25,39766,6562,0.16501533973746416
u-g vs r-i,25,150,2.5-3.0,2.75,14631,2077,0.14195885448704804
u-g vs r-i,25,150,3.0-4.0,3.5,1409,285,0.20227111426543648
u-g vs r-i,25,200,0-0.5,0.25,7332,5092,0.6944899072558647
u-g vs r-i,25,200,0.5-1.0,0.75,31255,17919,0.5733162693968965
u-g vs r-i,25,200,1.0-1.5,1.25,32773,20109,0.6135843529734842
u-g vs r-i,25,200,1.5-2.0,1.75,35690,24464,0.6854581115158308
u-g vs r-i,25,200,2.0-2.5,2.25,39766,17372,0.4368556052909521
u-g vs r-i,25,200,2.5-3.0,2.75,14631,3205,0.21905543025083726
u-g vs r-i,25,200,3.0-4.0,3.5,1409,366,0.25975869410929736
u-g vs r-i,25,250,0-0.5,0.25,7332,6816,0.9296235679214403
u-g vs r-i,25,250,0.5-1.0,0.75,31255,26759,0.856151015837466
u-g vs r-i,25,250,1.0-1.5,1.25,32773,29978,0.9147163823879413
u-g vs r-i,25,250,1.5-2.0,1.75,35690,32596,0.9133090501541048
u-g vs r-i,25,250,2.0-2.5,2.25,39766,27198,0.6839511140169995
u-g vs r-i,25,250,2.5-3.0,2.75,14631,4733,0.32349121727838154
u-g vs r-i,25,250,3.0-4.0,3.5,1409,461,0.3271823988644429
u-g vs r-i,75,50,0-0.5,0.25,7332,1123,0.15316421167484998
u-g vs r-i,75,50,0.5-1.0,0.75,31255,1355,0.043353063509838426
u-g vs r-i,75,50,1.0-1.5,1.25,32773,1836,0.056021725200622464
u-g vs r-i,75,50,1.5-2.0,1.75,35690,3919,0.10980666853460352
u-g vs r-i,75,50,2.0-2.5,2.25,39766,1302,0.03274153799728411
u-g vs r-i,75,50,2.5-3.0,2.75,14631,472,0.03226026929123095
u-g vs r-i,75,50,3.0-4.0,3.5,1409,83,0.058907026259758695
u-g vs r-i,75,100,0-0.5,0.25,7332,3567,0.4864975450081833
u-g vs r-i,75,100,0.5-1.0,0.75,31255,10032,0.3209726443768997
u-g vs r-i,75,100,1.0-1.5,1.25,32773,11070,0.3377780490037531
u-g vs r-i,75,100,1.5-2.0,1.75,35690,17936,0.5025497338189969
u-g vs r-i,75,100,2.0-2.5,2.25,39766,10051,0.25275360861037066
u-g vs r-i,75,100,2.5-3.0,2.75,14631,2255,0.15412480349941904
u-g vs r-i,75,100,3.0-4.0,3.5,1409,319,0.2264017033356991
u-g vs r-i,75,150,0-0.5,0.25,7332,7154,0.9757228587015822
u-g vs r-i,75,150,0.5-1.0,0.75,31255,28009,0.8961446168613022
u-g vs r-i,75,150,1.0-1.5,1.25,32773,31952,0.9749488908552773
u-g vs r-i,75,150,1.5-2.0,1.75,35690,35536,0.9956850658447745
u-g vs r-i,75,150,2.0-2.5,2.25,39766,29347,0.7379922546899361
u-g vs r-i,75,150,2.5-3.0,2.75,14631,5036,0.344200669810676
u-g vs r-i,75,150,3.0-4.0,3.5,1409,477,0.3385379701916253
u-g vs r-i,75,200,0-0.5,0.25,7332,7208,0.9830878341516639
u-g vs r-i,75,200,0.5-1.0,0.75,31255,29907,0.9568709006558951
u-g vs r-i,75,200,1.0-1.5,1.25,32773,32341,0.9868184175998536
u-g vs r-i,75,200,1.5-2.0,1.75,35690,35587,0.997114037545531
u-g vs r-i,75,200,2.0-2.5,2.25,39766,32237,0.8106674043152442
u-g vs r-i,75,200,2.5-3.0,2.75,14631,6313,0.4314811017702139
u-g vs r-i,75,200,3.0-4.0,3.5,1409,564,0.40028388928317954
u-g vs r-i,75,250,0-0.5,0.25,7332,7229,0.9859519912711402
u-g vs r-i,75,250,0.5-1.0,0.75,31255,30200,0.9662454007358823
u-g vs r-i,75,250,1.0-1.5,1.25,32773,32430,0.9895340676776615
u-g vs r-i,75,250,1.5-2.0,1.75,35690,35600,0.9974782852339591
u-g vs r-i,75,250,2.0-2.5,2.25,39766,33607,0.8451189458331237
u-g vs r-i,75,250,2.5-3.0,2.75,14631,7057,0.48233203472079833
u-g vs r-i,75,250,3.0-4.0,3.5,1409,640,0.45422285308729593
u-g vs r-i,250,50,0-0.5,0.25,7332,3064,0.41789416257501366
u-g vs r-i,250,50,0.5-1.0,0.75,31255,5158,0.16502959526475763
u-g vs r-i,250,50,1.0-1.5,1.25,32773,7352,0.22433100418027035
u-g vs r-i,250,50,1.5-2.0,1.75,35690,17409,0.4877836929111796
u-g vs r-i,250,50,2.0-2.5,2.25,39766,4659,0.11716038827138761
u-g vs r-i,250,50,2.5-3.0,2.75,14631,802,0.054815118583828856
u-g vs r-i,250,50,3.0-4.0,3.5,1409,247,0.17530163236337828
u-g vs r-i,250,100,0-0.5,0.25,7332,7182,0.9795417348608838
u-g vs r-i,250,100,0.5-1.0,0.75,31255,29702,0.950311950087986
u-g vs r-i,250,100,1.0-1.5,1.25,32773,32286,0.9851402068776127
u-g vs r-i,250,100,1.5-2.0,1.75,35690,35567,0.9965536564864108
u-g vs r-i,250,100,2.0-2.5,2.25,39766,31731,0.797942966353166
u-g vs r-i,250,100,2.5-3.0,2.75,14631,6023,0.41166017360399154
u-g vs r-i,250,100,3.0-4.0,3.5,1409,532,0.37757274662881474
u-g vs r-i,250,150,0-0.5,0.25,7332,7236,0.9869067103109657
u-g vs r-i,250,150,0.5-1.0,0.75,31255,30218,0.9668213085906255
u-g vs r-i,250,150,1.0-1.5,1.25,32773,32443,0.9899307356665548
u-g vs r-i,250,150,1.5-2.0,1.75,35690,35604,0.9975903614457832
u-g vs r-i,250,150,2.0-2.5,2.25,39766,33892,0.8522858723532666
u-g vs r-i,250,150,2.5-3.0,2.75,14631,7358,0.502904791196774
u-g vs r-i,250,150,3.0-4.0,3.5,1409,674,0.47835344215755854
u-g vs r-i,250,200,0-0.5,0.25,7332,7264,0.9907255864702673
u-g vs r-i,250,200,0.5-1.0,0.75,31255,30529,0.976771716525356
u-g vs r-i,250,200,1.0-1.5,1.25,32773,32525,0.9924327952888048
u-g vs r-i,250,200,1.5-2.0,1.75,35690,35631,0.9983468758755955
u-g vs r-i,250,200,2.0-2.5,2.25,39766,35165,0.8842981441432379
u-g vs r-i,250,200,2.5-3.0,2.75,14631,8294,0.5668785455539608
u-g vs r-i,250,200,3.0-4.0,3.5,1409,810,0.5748757984386089
u-g vs r-i,250,250,0-0.5,0.25,7332,7275,0.9922258592471358
u-g vs r-i,250,250,0.5-1.0,0.75,31255,30695,0.9820828667413214
u-g vs r-i,250,250,1.0-1.5,1.25,32773,32580,0.9941110060110456
u-g vs r-i,250,250,1.5-2.0,1.75,35690,35642,0.9986550854581115
u-g vs r-i,250,250,2.0-2.5,2.25,39766,36210,0.910576874717095
u-g vs r-i,250,250,2.5-3.0,2.75,14631,9380,0.6411045041350557
u-g vs r-i,250,250,3.0-4.0,3.5,1409,922,0.6543647977288858
