Redshift,N,Median,Std,16th,84th,Δ Median,color
0-0.5,7332,0.2616806,0.24252316,0.096229404,0.4915416,,u-g
0.5-1.0,31255,0.35020828,0.18786916,0.18433891,0.5357241,0.08852768,u-g
1.0-1.5,32773,0.10879326,0.19565003,-0.024175415,0.30668914,-0.24141502,u-g
1.5-2.0,35690,0.15754414,0.17753309,0.015581436,0.3352915,0.048750877,u-g
2.0-2.5,39766,0.49287224,0.24159218,0.19244766,0.68557584,0.3353281,u-g
2.5-3.0,14631,0.75671196,0.28927335,0.57383883,1.1114457,0.26383972,u-g
3.0-4.0,1409,1.4061527,0.48234603,1.0493735,1.8742228,0.64944077,u-g
>4.0,21,0.5842438,0.47958803,0.2584343,0.8838409,-0.82190895,u-g
0-0.5,7332,0.19203281,0.25495347,-0.024827423,0.47913444,,g-r
0.5-1.0,31255,0.09620476,0.14473018,-0.026298981,0.23454712,-0.09582806,g-r
1.0-1.5,32773,0.26309586,0.13694435,0.16155739,0.40174553,0.1668911,g-r
1.5-2.0,35690,0.06336403,0.13359843,-0.028670425,0.20276505,-0.19973183,g-r
2.0-2.5,39766,0.07612038,0.13989933,-0.027916718,0.21231155,0.012756348,g-r
2.5-3.0,14631,0.12408638,0.10798218,0.040650558,0.22382888,0.047966003,g-r
3.0-4.0,1409,0.23102188,0.16016239,0.1316294,0.36169234,0.1069355,g-r
>4.0,21,0.50035095,0.28108943,0.33103523,0.65566176,0.26932907,g-r
0-0.5,7332,0.21648884,0.16574562,0.056743395,0.37539873,,r-i
0.5-1.0,31255,0.03860855,0.15280686,-0.08677635,0.22640815,-0.17788029,r-i
1.0-1.5,32773,0.032030106,0.10805063,-0.056600496,0.14320518,-0.0065784454,r-i
1.5-2.0,35690,0.24337578,0.096911594,0.1652774,0.3382489,0.21134567,r-i
2.0-2.5,39766,0.06804466,0.103065856,-0.012342453,0.17453079,-0.17533112,r-i
2.5-3.0,14631,0.031259537,0.0914475,-0.0378273,0.11539078,-0.036785126,r-i
3.0-4.0,1409,0.057922363,0.103557006,-0.035229415,0.14352196,0.026662827,r-i
>4.0,21,0.32171822,0.15806073,0.11018181,0.42847633,0.26379585,r-i
0-0.5,7332,0.28892422,0.19966473,0.101378635,0.48517516,,i-z
0.5-1.0,31255,0.1612072,0.13891123,0.031597365,0.299525,-0.12771702,i-z
1.0-1.5,32773,-0.010255814,0.12139805,-0.11237778,0.11516144,-0.17146301,i-z
1.5-2.0,35690,0.040774345,0.117830314,-0.06214241,0.1605568,0.05103016,i-z
2.0-2.5,39766,0.23219395,0.10013186,0.14562416,0.333136,0.1914196,i-z
2.5-3.0,14631,0.15665436,0.12522104,0.037317276,0.28497618,-0.07553959,i-z
3.0-4.0,1409,0.033815384,0.10562496,-0.038759306,0.12066139,-0.122838974,i-z
>4.0,21,0.05856514,0.07822036,-0.023381043,0.14585266,0.024749756,i-z
