projection,threshold,n_grid,redshift_bin,z_mid,N,N_retained,retained_fraction,sigma_binomial
r-i vs g-r,5,200,0-0.5,0.25,7332,531,0.07242225859247135,0.0030269131739053532
r-i vs g-r,5,200,0.5-1.0,0.75,31255,969,0.03100303951367781,0.000980400654873233
r-i vs g-r,5,200,1.0-1.5,1.25,32773,173,0.005278735544503097,0.0004002741598349685
r-i vs g-r,5,200,1.5-2.0,1.75,35690,1262,0.03536004483048473,0.0009776102641264465
r-i vs g-r,5,200,2.0-2.5,2.25,39766,866,0.021777397776995423,0.0007319238253536033
r-i vs g-r,5,200,2.5-3.0,2.75,14631,83,0.005672886337229171,0.0006209114619060849
r-i vs g-r,5,200,3.0-4.0,3.5,1409,21,0.014904187366926898,0.003228032441955227
r-i vs g-r,25,200,0-0.5,0.25,7332,2690,0.3668848881614839,0.005628530497801183
r-i vs g-r,25,200,0.5-1.0,0.75,31255,7945,0.2541993281075028,0.002462854937993508
r-i vs g-r,25,200,1.0-1.5,1.25,32773,2015,0.061483538278460925,0.0013269124671306631
r-i vs g-r,25,200,1.5-2.0,1.75,35690,13560,0.3799383580834968,0.0025692166616347835
r-i vs g-r,25,200,2.0-2.5,2.25,39766,7644,0.19222451340340996,0.00197603105589179
r-i vs g-r,25,200,2.5-3.0,2.75,14631,873,0.05966782858314538,0.001958275357763662
r-i vs g-r,25,200,3.0-4.0,3.5,1409,93,0.0660042583392477,0.006614589989119083
r-i vs g-r,75,200,0-0.5,0.25,7332,4504,0.6142935079105292,0.005684669351586474
r-i vs g-r,75,200,0.5-1.0,0.75,31255,16860,0.5394336906095025,0.002819391362441992
r-i vs g-r,75,200,1.0-1.5,1.25,32773,7314,0.22317151313581302,0.002299978898628722
r-i vs g-r,75,200,1.5-2.0,1.75,35690,32466,0.9096665732698235,0.001517372073394093
r-i vs g-r,75,200,2.0-2.5,2.25,39766,18698,0.470200673942564,0.0025028877360412185
r-i vs g-r,75,200,2.5-3.0,2.75,14631,3175,0.21700498940605564,0.0034078255275147764
r-i vs g-r,75,200,3.0-4.0,3.5,1409,219,0.1554293825408091,0.009652260813423777
r-i vs g-r,250,200,0-0.5,0.25,7332,5252,0.7163120567375887,0.005264538932632854
r-i vs g-r,250,200,0.5-1.0,0.75,31255,22066,0.7059990401535754,0.0025770134060362584
r-i vs g-r,250,200,1.0-1.5,1.25,32773,13105,0.39987184572666523,0.0027059783369440026
r-i vs g-r,250,200,1.5-2.0,1.75,35690,34267,0.9601288876435976,0.00103566826885985
r-i vs g-r,250,200,2.0-2.5,2.25,39766,25510,0.6415027913292762,0.0024048401296213958
r-i vs g-r,250,200,2.5-3.0,2.75,14631,6139,0.4195885448704805,0.004079836828249468
r-i vs g-r,250,200,3.0-4.0,3.5,1409,395,0.2803406671398155,0.011966056128956922
u-g vs g-r,5,200,0-0.5,0.25,7332,982,0.13393344244408073,0.003977488403351312
u-g vs g-r,5,200,0.5-1.0,0.75,31255,1467,0.04693649016157415,0.0011963450986388355
u-g vs g-r,5,200,1.0-1.5,1.25,32773,4582,0.13981020962377566,0.0019156161343122785
u-g vs g-r,5,200,1.5-2.0,1.75,35690,1496,0.04191650322219109,0.0010607692665287093
u-g vs g-r,5,200,2.0-2.5,2.25,39766,6986,0.17567771463058895,0.0019083186865785536
u-g vs g-r,5,200,2.5-3.0,2.75,14631,3211,0.2194655184197936,0.003421702044357234
u-g vs g-r,5,200,3.0-4.0,3.5,1409,668,0.4740951029098652,0.013302425812990395
u-g vs g-r,25,200,0-0.5,0.25,7332,4805,0.6553464266230223,0.005550289452150567
u-g vs g-r,25,200,0.5-1.0,0.75,31255,14431,0.461718125099984,0.0028198992259776444
u-g vs g-r,25,200,1.0-1.5,1.25,32773,23964,0.7312116681414579,0.002448886536037402
u-g vs g-r,25,200,1.5-2.0,1.75,35690,17858,0.5003642476884281,0.0026466506232474367
u-g vs g-r,25,200,2.0-2.5,2.25,39766,23993,0.6033546245536388,0.0024531921504824
u-g vs g-r,25,200,2.5-3.0,2.75,14631,8070,0.5515685872462579,0.0041115991799936785
u-g vs g-r,25,200,3.0-4.0,3.5,1409,926,0.6572036905606813,0.012644817599233535
u-g vs g-r,75,200,0-0.5,0.25,7332,7122,0.9713584288052373,0.001947946153349023
u-g vs g-r,75,200,0.5-1.0,0.75,31255,29957,0.9584706446968485,0.001128514779319727
u-g vs g-r,75,200,1.0-1.5,1.25,32773,32562,0.9935617734110396,0.0004417966990540776
u-g vs g-r,75,200,1.5-2.0,1.75,35690,35326,0.9898010647240123,0.0005318364540680763
u-g vs g-r,75,200,2.0-2.5,2.25,39766,36624,0.9209877785042498,0.001352751785250172
u-g vs g-r,75,200,2.5-3.0,2.75,14631,10055,0.6872394231426423,0.003832860648642349
u-g vs g-r,75,200,3.0-4.0,3.5,1409,1066,0.7565649396735273,0.011432972864037064
u-g vs g-r,250,200,0-0.5,0.25,7332,7215,0.9840425531914894,0.001463448399942437
u-g vs g-r,250,200,0.5-1.0,0.75,31255,30489,0.9754919212925932,0.0008745944561116775
u-g vs g-r,250,200,1.0-1.5,1.25,32773,32665,0.9967046043999633,0.0003165766740064767
u-g vs g-r,250,200,1.5-2.0,1.75,35690,35511,0.9949845895208742,0.00037392813609369007
u-g vs g-r,250,200,2.0-2.5,2.25,39766,37930,0.953829904943922,0.001052349253972242
u-g vs g-r,250,200,2.5-3.0,2.75,14631,11990,0.8194928576310574,0.0031796753251628674
u-g vs g-r,250,200,3.0-4.0,3.5,1409,1164,0.8261178140525195,0.0100970159586239
r-i vs i-z,5,200,0-0.5,0.25,7332,586,0.07992362247681396,0.0031669287451560196
r-i vs i-z,5,200,0.5-1.0,0.75,31255,294,0.009406494960806271,0.0005460116385517489
r-i vs i-z,5,200,1.0-1.5,1.25,32773,166,0.005065145088945168,0.00039213460434629613
r-i vs i-z,5,200,1.5-2.0,1.75,35690,185,0.005183524796861866,0.0003801113176802088
r-i vs i-z,5,200,2.0-2.5,2.25,39766,135,0.0033948599305939748,0.00029168663978099325
r-i vs i-z,5,200,2.5-3.0,2.75,14631,45,0.003075661267172442,0.0004577868844631728
r-i vs i-z,5,200,3.0-4.0,3.5,1409,5,0.0035486160397444995,0.0015841710277753164
r-i vs i-z,25,200,0-0.5,0.25,7332,2533,0.3454719039825423,0.00555340421321209
r-i vs i-z,25,200,0.5-1.0,0.75,31255,3317,0.1061270196768517,0.0017421724327740535
r-i vs i-z,25,200,1.0-1.5,1.25,32773,1003,0.03060446098922894,0.0009514473852808633
r-i vs i-z,25,200,1.5-2.0,1.75,35690,1541,0.043177360605211546,0.0010758964950407087
r-i vs i-z,25,200,2.0-2.5,2.25,39766,2888,0.07262485540411406,0.0013014108170413393
r-i vs i-z,25,200,2.5-3.0,2.75,14631,797,0.05447337844303192,0.0018762557271206433
r-i vs i-z,25,200,3.0-4.0,3.5,1409,38,0.0269694819020582,0.004315628336682633
r-i vs i-z,75,200,0-0.5,0.25,7332,3619,0.4935897435897436,0.005838793040965375
r-i vs i-z,75,200,0.5-1.0,0.75,31255,9357,0.29937609982402813,0.002590545863952633
r-i vs i-z,75,200,1.0-1.5,1.25,32773,3622,0.11051780429011686,0.0017319153234523204
r-i vs i-z,75,200,1.5-2.0,1.75,35690,4192,0.11745586999159428,0.0017042460825520073
r-i vs i-z,75,200,2.0-2.5,2.25,39766,9542,0.23995372931650152,0.002141548005666573
r-i vs i-z,75,200,2.5-3.0,2.75,14631,2673,0.18269427927004306,0.003194609203116157
r-i vs i-z,75,200,3.0-4.0,3.5,1409,111,0.07877927608232789,0.007176824825737866
r-i vs i-z,250,200,0-0.5,0.25,7332,4598,0.627114020731042,0.005647419565976294
r-i vs i-z,250,200,0.5-1.0,0.75,31255,16916,0.5412254039353703,0.0028185712372123255
r-i vs i-z,250,200,1.0-1.5,1.25,32773,9565,0.2918561010587984,0.0025112332216382658
r-i vs i-z,250,200,1.5-2.0,1.75,35690,9250,0.2591762398430933,0.002319432668866367
r-i vs i-z,250,200,2.0-2.5,2.25,39766,20886,0.5252225519287834,0.0025041524779266795
r-i vs i-z,250,200,2.5-3.0,2.75,14631,6010,0.4107716492379195,0.004067289102230574
r-i vs i-z,250,200,3.0-4.0,3.5,1409,293,0.20794889992902768,0.010811835212310217
u-g vs r-i,5,200,0-0.5,0.25,7332,1067,0.14552645935624658,0.004118215443965856
u-g vs r-i,5,200,0.5-1.0,0.75,31255,1534,0.04908014717645177,0.0012219829146873785
u-g vs r-i,5,200,1.0-1.5,1.25,32773,2109,0.06435175296738169,0.0013554340644190044
u-g vs r-i,5,200,1.5-2.0,1.75,35690,3792,0.10624824880919025,0.0016311581457499336
u-g vs r-i,5,200,2.0-2.5,2.25,39766,1634,0.04109037871548559,0.0009954121925595456
u-g vs r-i,5,200,2.5-3.0,2.75,14631,632,0.04319595379673297,0.0016807225634234936
u-g vs r-i,5,200,3.0-4.0,3.5,1409,97,0.0688431511710433,0.006745067419836772
u-g vs r-i,25,200,0-0.5,0.25,7332,5092,0.6944899072558647,0.005379408467263453
u-g vs r-i,25,200,0.5-1.0,0.75,31255,17919,0.5733162693968965,0.0027976309460522922
u-g vs r-i,25,200,1.0-1.5,1.25,32773,20109,0.6135843529734842,0.0026897157807058516
u-g vs r-i,25,200,1.5-2.0,1.75,35690,24464,0.6854581115158308,0.002457855977580445
u-g vs r-i,25,200,2.0-2.5,2.25,39766,17372,0.4368556052909521,0.002487269732689065
u-g vs r-i,25,200,2.5-3.0,2.75,14631,3205,0.21905543025083726,0.003419401605913418
u-g vs r-i,25,200,3.0-4.0,3.5,1409,366,0.25975869410929736,0.011681973244945432
u-g vs r-i,75,200,0-0.5,0.25,7332,7208,0.9830878341516639,0.001505859825953041
u-g vs r-i,75,200,0.5-1.0,0.75,31255,29907,0.9568709006558951,0.0011490848971715427
u-g vs r-i,75,200,1.0-1.5,1.25,32773,32341,0.9868184175998536,0.0006300054386766592
u-g vs r-i,75,200,1.5-2.0,1.75,35690,35587,0.997114037545531,0.0002839517042260505
u-g vs r-i,75,200,2.0-2.5,2.25,39766,32237,0.8106674043152442,0.0019646178966295953
u-g vs r-i,75,200,2.5-3.0,2.75,14631,6313,0.4314811017702139,0.0040946457750741265
u-g vs r-i,75,200,3.0-4.0,3.5,1409,564,0.40028388928317954,0.013052731870052216
u-g vs r-i,250,200,0-0.5,0.25,7332,7264,0.9907255864702673,0.0011194602822044185
u-g vs r-i,250,200,0.5-1.0,0.75,31255,30529,0.976771716525356,0.0008520112807770138
u-g vs r-i,250,200,1.0-1.5,1.25,32773,32525,0.9924327952888048,0.00047869643818102345
u-g vs r-i,250,200,1.5-2.0,1.75,35690,35631,0.9983468758755955,0.00021504046450350294
u-g vs r-i,250,200,2.0-2.5,2.25,39766,35165,0.8842981441432379,0.0016040339839223506
u-g vs r-i,250,200,2.5-3.0,2.75,14631,8294,0.5668785455539608,0.004096499004059381
u-g vs r-i,250,200,3.0-4.0,3.5,1409,810,0.5748757984386089,0.013170110869081167
